commentCount,dislikeCount,etag,favoriteCount,id,likeCount,viewCount
20867,2206,"""DuHzAJ-eQIiCIp7p4ldoVcVAOeY/aFJsSmDi9XPxBq8FoZcpx9uvWjo""",0,lLWEXRAnQd0,149323,7393172
2314,330,"""DuHzAJ-eQIiCIp7p4ldoVcVAOeY/ZbuaG07r4lhthDQ-WCVFBVYrUdA""",0,kJFB6rH3z2A,17582,1403034
456,92,"""DuHzAJ-eQIiCIp7p4ldoVcVAOeY/0dcbs-Whhl78lEcfNREgDKxOPHM""",0,tWoInh2USOs,3852,446389
2956,636,"""DuHzAJ-eQIiCIp7p4ldoVcVAOeY/2inPtuSefvcAs7Hceqn4FvC53P0""",0,UQ-RTZCOQn0,29745,2901816
1573,308,"""DuHzAJ-eQIiCIp7p4ldoVcVAOeY/rYRuYzUPOZzEjywrvXxXBFsmAM4""",0,TohG7F8M3Ls,13879,1150437
44,12,"""DuHzAJ-eQIiCIp7p4ldoVcVAOeY/YDjU949UatPtyTo6ebhudAnfS1w""",0,jyknCVczn3Q,896,100568
1599,397,"""DuHzAJ-eQIiCIp7p4ldoVcVAOeY/Y5_2dqo8ZT24O7CSTeYs34Phi0s""",0,qx2IsmrCs3c,14547,1223956
2590,467,"""DuHzAJ-eQIiCIp7p4ldoVcVAOeY/2c_0LAo9TDf07bdog4zyWfvkOOg""",0,L5bXkI0-pEg,28225,2762722
1584,417,"""DuHzAJ-eQIiCIp7p4ldoVcVAOeY/zk5EDL5wR_AWVN9cXxlCjGpoCWk""",0,zxj3xLDNxo0,26210,1365919
1043,171,"""DuHzAJ-eQIiCIp7p4ldoVcVAOeY/SaJVlJH8JgO1CqS61zHSV5BAMvM""",0,eTEKGOi6SVg,9735,800784
2366,364,"""DuHzAJ-eQIiCIp7p4ldoVcVAOeY/0Vv44T6aWlkLYzejZADe9mSxrCs""",0,vgbMONXc9Cs,25207,1840123
317,75,"""DuHzAJ-eQIiCIp7p4ldoVcVAOeY/GhAXgBNOzINyvKJfgVRkmPPrRWo""",0,o2cjLA_wgIk,2755,403941
1731,280,"""DuHzAJ-eQIiCIp7p4ldoVcVAOeY/5Gx2UXQF5_tOWCSmIyaAT_76ivM""",0,mEU0stNfkxI,15321,1147982
3304,538,"""DuHzAJ-eQIiCIp7p4ldoVcVAOeY/SFuhoDXnEVbm0LD4uTKwIeY7qRc""",0,kasGRkfkiPM,22334,3027857
426,99,"""DuHzAJ-eQIiCIp7p4ldoVcVAOeY/9hPDMa6Y3w1VKAk1AdIbaYzaTCc""",0,RqtDliGeyTg,4291,394227
2591,312,"""DuHzAJ-eQIiCIp7p4ldoVcVAOeY/T6LZ5x22gDMMYFa-1CIWrNmNfBc""",0,VnZEpic2UzU,22939,1277550
830,237,"""DuHzAJ-eQIiCIp7p4ldoVcVAOeY/23xKor9XbLTdrAs8nm7ruz-JRfQ""",0,qTDQt_PdlYc,9353,1125252
1111,298,"""DuHzAJ-eQIiCIp7p4ldoVcVAOeY/JHGqoeoN09qEPN7qOLSDNBzfyTg""",0,HCsCatvigtw,11023,1565433
362,39,"""DuHzAJ-eQIiCIp7p4ldoVcVAOeY/ZgyT0qtpiEgh4xJH8FkqKz_YXM4""",0,raAkJKeo0Sk,2280,214138
22,9,"""DuHzAJ-eQIiCIp7p4ldoVcVAOeY/I9_WxwqrFj7X-WO5ldmLKK29BYo""",0,x-9CqidKRSM,342,53624
532,48,"""DuHzAJ-eQIiCIp7p4ldoVcVAOeY/HelNaEvwCUHrMhortXBo3ZM_JA4""",0,UOziR7PoVco,4959,471879
1386,135,"""DuHzAJ-eQIiCIp7p4ldoVcVAOeY/PzfBIYxHdbeYLu-RNUTGNAF3mCY""",0,I-ousb8-SD0,16886,1996577
1176,101,"""DuHzAJ-eQIiCIp7p4ldoVcVAOeY/sxpNGF1aOqqNwVs4O_LcaZ3u6S4""",0,RInDWhYceLU,9463,854734
624,167,"""DuHzAJ-eQIiCIp7p4ldoVcVAOeY/9BNmajKhdsiV28NRVyLcT1YLAc8""",0,4KYxkqlzyqM,4588,676497
725,120,"""DuHzAJ-eQIiCIp7p4ldoVcVAOeY/CQfMWRiceBW7VkNo4BB46jNQaCo""",0,vrAMRxBB5KI,5548,533769
742,154,"""DuHzAJ-eQIiCIp7p4ldoVcVAOeY/6DSog-Vtc48pVPKwFJSQL5DyJ5s""",0,1s58rW0_LN4,7402,637750
257,84,"""DuHzAJ-eQIiCIp7p4ldoVcVAOeY/b6WL9EQ13yNo92Ri0AQr4IkjMIk""",0,530_cVmexiI,3441,407098
650,140,"""DuHzAJ-eQIiCIp7p4ldoVcVAOeY/sph7tA2Zd-JJAb1L4K5dL4xMykc""",0,gMEZp47VKC0,9106,550700
638,112,"""DuHzAJ-eQIiCIp7p4ldoVcVAOeY/VQDBcCACqs8LL8X4rOfJk2YMugM""",0,wrbGlR22K0Q,7265,616573
582,103,"""DuHzAJ-eQIiCIp7p4ldoVcVAOeY/ytClNIvkQB1Mo-YDXm0g5wwcmmA""",0,zoTeyliLn5o,4806,541886
499,126,"""DuHzAJ-eQIiCIp7p4ldoVcVAOeY/k7hWjOAs2xyAeXAcACdVxseCuPU""",0,4XxClvPZ1RE,4635,493022
386,45,"""DuHzAJ-eQIiCIp7p4ldoVcVAOeY/jp1bBe6-fZQoA9gEL_ySjSD7Cq4""",0,9BHWlbjd95c,2699,225173
6285,444,"""DuHzAJ-eQIiCIp7p4ldoVcVAOeY/ouiZB3AbUM6zHWZdQAeIMuMyKoc""",0,oh5p5f5_-7A,42653,3150950
1210,287,"""DuHzAJ-eQIiCIp7p4ldoVcVAOeY/WEtU0K3WXa8M3ge90s74a5L6AMY""",0,PutvF_P4588,11961,1314140
617,154,"""DuHzAJ-eQIiCIp7p4ldoVcVAOeY/qDBhr2kkLeqpyXYXaLzc8MGwGQo""",0,Ugiwi8uizpg,6331,789639
423,75,"""DuHzAJ-eQIiCIp7p4ldoVcVAOeY/VYOQTOZP7O2-re2SpXYrvoqpMKQ""",0,y6GVVjG4HMg,3138,338560
342,87,"""DuHzAJ-eQIiCIp7p4ldoVcVAOeY/h3CmbMkN_SwdTDUmTpepVaHBib0""",0,RrBsbqO9aqI,3234,531488
360,145,"""DuHzAJ-eQIiCIp7p4ldoVcVAOeY/aTFoUsTw1B9kGUgdPNOEefj0RwU""",0,OFKFUJ9eDNs,3699,696981
269,45,"""DuHzAJ-eQIiCIp7p4ldoVcVAOeY/0G5Aqonl8-C07jyZg5XoTVOHn1k""",0,wJmi7-G9r-w,1290,142664
89,24,"""DuHzAJ-eQIiCIp7p4ldoVcVAOeY/ISatYSaLGzy8EjzrCJh11Li4F48""",0,l141Y0x8om0,1183,182517
484,91,"""DuHzAJ-eQIiCIp7p4ldoVcVAOeY/Nn0FU2U76lc-qJxjgXacuFztuLs""",0,O6L5YPt9CeU,4406,507716
202,33,"""DuHzAJ-eQIiCIp7p4ldoVcVAOeY/EUWzwOa_TYQ4JIWMRPlgu41a5N8""",0,XlwfcXZ0AIU,1685,147154
1058,564,"""DuHzAJ-eQIiCIp7p4ldoVcVAOeY/txC5iXsLIO9G3jtJKa0hnf9UavY""",0,BW2wKKFvH1g,14105,2113686
666,254,"""DuHzAJ-eQIiCIp7p4ldoVcVAOeY/7tpMg0_t2ncWg1ow1dOG-mLBOGw""",0,8ysFkNYwhAE,7449,1173077
230,41,"""DuHzAJ-eQIiCIp7p4ldoVcVAOeY/zV-2RhGgZdl6JGQclPZeH4DLGPo""",0,3CDg_9gL-5M,1706,186641
124,34,"""DuHzAJ-eQIiCIp7p4ldoVcVAOeY/p6zdcAbxtCONcUTZ96LB2xVEbzA""",0,xj8xsTSkbUk,1247,148443
225,84,"""DuHzAJ-eQIiCIp7p4ldoVcVAOeY/WuDPaqRg5WCiF5LQUaztIeUE7Kg""",0,6evqNlOO7Bw,2546,378530
378,64,"""DuHzAJ-eQIiCIp7p4ldoVcVAOeY/vJ1wJH0pd5uZQLT_97xnWETQXrY""",0,GpA9UM7QGag,2897,287651
1371,243,"""DuHzAJ-eQIiCIp7p4ldoVcVAOeY/dq_P0NOVNDXYkkolhf5fYFQCaOw""",0,wdr4t7cQW2U,7791,1169181
393,146,"""DuHzAJ-eQIiCIp7p4ldoVcVAOeY/ZrNcxgiMN23b4dS5wwNk_E7jiFk""",0,aA8RhtaWACA,4892,573848
244,17,"""DuHzAJ-eQIiCIp7p4ldoVcVAOeY/Tn0lq06LhQZckOudMMWNHq-XYck""",0,Ov5oIHTAa10,1414,135168
225,22,"""DuHzAJ-eQIiCIp7p4ldoVcVAOeY/kHTGFCVlrm7H0br0auzkiQfTMqA""",0,mUJoNLWQ1yI,1523,144480
267,26,"""DuHzAJ-eQIiCIp7p4ldoVcVAOeY/Tj5SBQ4LJD3i3V9zaN8Ff_fUMJM""",0,lilbzLCNnDo,1645,125968
167,45,"""DuHzAJ-eQIiCIp7p4ldoVcVAOeY/wm8sx6iERU58sDqmTxXPyo2wbDo""",0,Bcqyzo85A1o,1570,195858
5,0,"""DuHzAJ-eQIiCIp7p4ldoVcVAOeY/ByLeYuWqxwNHNEkIkHnB_Di67BM""",0,iibr6K-XGJQ,120,20177
613,103,"""DuHzAJ-eQIiCIp7p4ldoVcVAOeY/eukMPJ2a7Mc1cUu1J72jpWL8CRY""",0,iRMsb9Vf7GM,6371,465492
302,120,"""DuHzAJ-eQIiCIp7p4ldoVcVAOeY/CgxPxwcMA2CQ28abSJG7ai0MEzQ""",0,OJ_xqtvZf3o,3608,477228
690,138,"""DuHzAJ-eQIiCIp7p4ldoVcVAOeY/hblcXaea4ym0-BWv8erYPTwCKY4""",0,uEUMVwc4o5U,5797,588419
351,86,"""DuHzAJ-eQIiCIp7p4ldoVcVAOeY/kHSjW-GTBir318EgmB-l78t9P6M""",0,DqhzxdkdQS0,3229,442017
492,233,"""DuHzAJ-eQIiCIp7p4ldoVcVAOeY/qBMY51GhiAgXUOSq80pi49zqSwQ""",0,0FYfo94qefg,7355,974800
315,33,"""DuHzAJ-eQIiCIp7p4ldoVcVAOeY/eCfi7DQCpHtNkmuKIYJ9ZovJXdo""",0,gYuH4Ilqdhs,1757,162845
217,20,"""DuHzAJ-eQIiCIp7p4ldoVcVAOeY/O6xzGXEdhEVL8anbqrPhZgQvz9o""",0,sDdpc8uisD0,1986,197758
384,96,"""DuHzAJ-eQIiCIp7p4ldoVcVAOeY/Rz87LcRatfsdsnVjcSXBMUkpXu0""",0,fBh1nA4pMDY,4758,449081
361,58,"""DuHzAJ-eQIiCIp7p4ldoVcVAOeY/fBt9c6YzWqauNBPg__teEb8F-kQ""",0,7R9HcaDT9P4,2316,236228
221,48,"""DuHzAJ-eQIiCIp7p4ldoVcVAOeY/04P94UJ4HXW2rTNxIeKtLUyFmHg""",0,LeIVNKnWz7o,1943,187633
182,48,"""DuHzAJ-eQIiCIp7p4ldoVcVAOeY/I4qXtMnqX143VABy35rO0sUxvbk""",0,spFwCh2616s,1803,171014
9800,1385,"""DuHzAJ-eQIiCIp7p4ldoVcVAOeY/g9n-4WEcjLkO0wYTiThw0pcEZjI""",0,mT0RNrTDHkI,63498,5620800
389,80,"""DuHzAJ-eQIiCIp7p4ldoVcVAOeY/yLD3zTG8xyyFsrrxUNkz8P0zUGs""",0,Y7SDU4i6Fco,5325,325118
239,72,"""DuHzAJ-eQIiCIp7p4ldoVcVAOeY/mcleHm4H5o4L-gqow1bozj3eDOA""",0,87MMbN1bQCs,2333,292451
235,40,"""DuHzAJ-eQIiCIp7p4ldoVcVAOeY/gK3DkOG0HXUsMwiPK9o303ad_Ek""",0,wc_YVijYjT4,2138,167040
301,61,"""DuHzAJ-eQIiCIp7p4ldoVcVAOeY/hBiMH4Ex8XXRLJZptC7V3nr7OSQ""",0,1l_TsfCIb_I,2451,238566
302,107,"""DuHzAJ-eQIiCIp7p4ldoVcVAOeY/386QJjFrIi52uu539Mr0EA71pzU""",0,Vx6v47gHBWM,4289,530416
273,40,"""DuHzAJ-eQIiCIp7p4ldoVcVAOeY/8WclnyRS3mvx8mGM8wtvY1qKDrk""",0,C34WAUgkAT0,1918,164737
620,192,"""DuHzAJ-eQIiCIp7p4ldoVcVAOeY/rsO0MSaCi1XpSs626nO9jDG8YRY""",0,DFSIQNjKRfk,7783,972910
391,30,"""DuHzAJ-eQIiCIp7p4ldoVcVAOeY/WivyBruk_24i8eGshJc3bZMIx0k""",0,0pwoixRikn4,3676,308540
141,51,"""DuHzAJ-eQIiCIp7p4ldoVcVAOeY/Q7iuWGpqgNGdyVFlF4_4FoPq1dM""",0,OHSm8kLE7js,1413,286150
495,86,"""DuHzAJ-eQIiCIp7p4ldoVcVAOeY/mHPv3actnAmdh44PxF_0kXcvA5s""",0,22SiIDvyJeM,4359,322145
168,32,"""DuHzAJ-eQIiCIp7p4ldoVcVAOeY/3zbv4vGAZ_WWCGiTvZ9j3mBLZOw""",0,cVqFG2pxK2A,1429,107564
133,38,"""DuHzAJ-eQIiCIp7p4ldoVcVAOeY/ILIWxbpSJ9JMICNgnrxI8EdDP9k""",0,E3IAMvO8GyM,1556,181688
241,54,"""DuHzAJ-eQIiCIp7p4ldoVcVAOeY/FyoYbuyedDynuXRRqKBRXyE04uM""",0,0uVe8T-vVVg,1965,227903
186,14,"""DuHzAJ-eQIiCIp7p4ldoVcVAOeY/4AoZFkquzuQeRvxtmqAj6-4ZkoA""",0,mxJ2On9wyvY,1285,99884
1196,136,"""DuHzAJ-eQIiCIp7p4ldoVcVAOeY/gGeJdXfsxlRIa3B41hbND6fg_xM""",0,IeFbdk36MUU,14339,715192
339,105,"""DuHzAJ-eQIiCIp7p4ldoVcVAOeY/MMA-HVH2kSqclbtwA2gpW3SKja4""",0,Wj-3ct7RvAI,4059,478617
158,30,"""DuHzAJ-eQIiCIp7p4ldoVcVAOeY/gWTot5zePAP10QOoTv8TBJ168IA""",0,ZKxFvyyOBPQ,1959,172101
364,100,"""DuHzAJ-eQIiCIp7p4ldoVcVAOeY/ADq2QhidrkClWdshJD3kBxPPu6I""",0,kNZssD9zWlw,3074,452449
216,16,"""DuHzAJ-eQIiCIp7p4ldoVcVAOeY/y0dvr_-TwjOPrNWv6mmPMbF3wTo""",0,SrN4A9rVXj0,1770,96890
503,51,"""DuHzAJ-eQIiCIp7p4ldoVcVAOeY/B7OQT0lLyCM8U_rPxureLOxIZto""",0,rRjnHdr9DmU,3725,222642
145,17,"""DuHzAJ-eQIiCIp7p4ldoVcVAOeY/DQoFh7xB-nLdnM0TDFUEU3IFAfU""",0,VPfYRj4DDco,1725,139237
233,30,"""DuHzAJ-eQIiCIp7p4ldoVcVAOeY/R_7ugD3eOOyoJvgKAyhKLBm7cmM""",0,pA_2paUhBAQ,2024,155872
136,13,"""DuHzAJ-eQIiCIp7p4ldoVcVAOeY/9zsg88fqIHL1KYqZ3NZPpDQ5f3Y""",0,aiK9xOIJtV8,1307,103328
293,82,"""DuHzAJ-eQIiCIp7p4ldoVcVAOeY/OI5mSoIF-WkXVpRkMey1YZtSKE0""",0,GhOGZMpPUSE,3066,375170
2971,391,"""DuHzAJ-eQIiCIp7p4ldoVcVAOeY/ebDIBckgHcrxp0pZ-_JZDy5nqY4""",0,pw5ETGiiBRg,18617,2360645
1270,104,"""DuHzAJ-eQIiCIp7p4ldoVcVAOeY/8hIP7ulvEUe2L3E6p34Cp-0L4g8""",0,lzODyJS2ZIg,12486,434478
155,29,"""DuHzAJ-eQIiCIp7p4ldoVcVAOeY/mf1VVeExY2CZ-plwx4GFxaLooTM""",0,UUNNXGVNTuI,1293,140363
119,18,"""DuHzAJ-eQIiCIp7p4ldoVcVAOeY/mJY3OuJbRRcVcOrwEq9JUJzDLgo""",0,QxcS7p1VHyQ,1229,129207
428,101,"""DuHzAJ-eQIiCIp7p4ldoVcVAOeY/3sgvaTaBvoFgakkTjbrC3_itr_Q""",0,Hq-z06i6HCs,4465,367481
362,37,"""DuHzAJ-eQIiCIp7p4ldoVcVAOeY/YY8KTltA6pB0c3UmOXqWGYcWbek""",0,jwVz0uTLH1I,1911,185161
8969,1024,"""DuHzAJ-eQIiCIp7p4ldoVcVAOeY/ORjQ4JmCAkzdkDZeueAi8gNt16o""",0,dNEp3hoHSDI,52596,4058748
274,18,"""DuHzAJ-eQIiCIp7p4ldoVcVAOeY/XM6cHvQwwMLjgQQpngohwkSN1AY""",0,FozIp7Va7dY,1350,119830
310,36,"""DuHzAJ-eQIiCIp7p4ldoVcVAOeY/3lgNJm80Ug9bnkPejV9wynKmtYk""",0,5rfGa1_iJpw,1771,212002
275,29,"""DuHzAJ-eQIiCIp7p4ldoVcVAOeY/yPNK7sOIOZk8Huqpi6L8eywXFv4""",0,C-OSaHvt8ms,1651,163297
225,37,"""DuHzAJ-eQIiCIp7p4ldoVcVAOeY/YtLE2KP6jRMfyzZOb_ixehp5IKw""",0,BSjee-ond7w,2052,187960
291,38,"""DuHzAJ-eQIiCIp7p4ldoVcVAOeY/BMDalRUVVE8JfxPs3Lhh9bvmfy0""",0,loAzRUzx1wI,3140,350848
126,13,"""DuHzAJ-eQIiCIp7p4ldoVcVAOeY/RaJv6bdmogLvABM5l_x8n9V56_8""",0,xdFCj6BzQio,1090,125866
399,151,"""DuHzAJ-eQIiCIp7p4ldoVcVAOeY/WEdcYKOyQC_jgnEnZ0GMArmLrUY""",0,NcVeRlPu_5w,4560,619060
274,28,"""DuHzAJ-eQIiCIp7p4ldoVcVAOeY/2ESYz5axQi_EwNBmIY1E6baTbHA""",0,GARWowi0QXI,2405,229039
206,32,"""DuHzAJ-eQIiCIp7p4ldoVcVAOeY/lhVq44AfJixqQ0_XdymiMG_BSI4""",0,E3XW_Zp238U,1423,158607
515,95,"""DuHzAJ-eQIiCIp7p4ldoVcVAOeY/ktP4h6YMNXKCuQKI_y2DDMFc8iU""",0,USkduOfwJok,6834,423720
128,24,"""DuHzAJ-eQIiCIp7p4ldoVcVAOeY/-SfqVAtkQ0S3nABhZkZKEMWttIY""",0,0M9pwLHRR2c,1290,149508
244,20,"""DuHzAJ-eQIiCIp7p4ldoVcVAOeY/JlgoJr-ZoqGs-BGi3qZ9_Mya2L0""",0,-O0Bs65eN5w,1445,155737
161,15,"""DuHzAJ-eQIiCIp7p4ldoVcVAOeY/SsO0AomBEH8krHgAfkWwhnYrQkE""",0,rzYpa4XGSnA,1167,93632
399,66,"""DuHzAJ-eQIiCIp7p4ldoVcVAOeY/96cVZ116Er155FScxR1YnmgvVzc""",0,KvJmSrErm20,3205,269014
170,24,"""DuHzAJ-eQIiCIp7p4ldoVcVAOeY/ijlNoHc_-7qFc6TBWhmUOz3GCaw""",0,CigXQtT6BPM,1259,142275
220,16,"""DuHzAJ-eQIiCIp7p4ldoVcVAOeY/JGkzGMOcwcJPhYIKXFUEybKyuSs""",0,2XnIdinwot0,1181,75352
221,13,"""DuHzAJ-eQIiCIp7p4ldoVcVAOeY/Q3F008TGaYF0nIcRQyoJfCU-jLg""",0,FnY7jDY5PsE,1074,65650
158,14,"""DuHzAJ-eQIiCIp7p4ldoVcVAOeY/0FpZPOrN5e9T7wcQmkc2bzYcp9k""",0,lLunPQBzW6g,1147,94855
318,75,"""DuHzAJ-eQIiCIp7p4ldoVcVAOeY/zx-MHjKhYBVhNeBByEaJ_OkcWEo""",0,HWedDS3p7XI,2490,258151
135,17,"""DuHzAJ-eQIiCIp7p4ldoVcVAOeY/4uCgj_lGpXr1_DhQhIBvdJw36II""",0,HqBhCibidNM,999,94865
243,33,"""DuHzAJ-eQIiCIp7p4ldoVcVAOeY/qvArfky_eK8Quv1sZaPiNX7Gors""",0,mb-Gwx1S5Gs,1462,125389
340,40,"""DuHzAJ-eQIiCIp7p4ldoVcVAOeY/-sxJEJF21A4xaeK7LzzImf4evx8""",0,TLX1bmS8wBE,2767,176399
171,12,"""DuHzAJ-eQIiCIp7p4ldoVcVAOeY/rWfcTTqLt7ob6ISu1mRBwxXE2GE""",0,SLQXlFLoqQc,760,54154
235,22,"""DuHzAJ-eQIiCIp7p4ldoVcVAOeY/oAWJYNAOWyjXS_N2bLYFUr4dNEo""",0,DmYhNHVIdMI,1330,126338
274,88,"""DuHzAJ-eQIiCIp7p4ldoVcVAOeY/UR1hiPqbRGyEeDKywC9nVSJCMKU""",0,H15kV1wbDG4,2298,346222
131,10,"""DuHzAJ-eQIiCIp7p4ldoVcVAOeY/zWiVxaCkIHAiEJUKQgvwfRRkuUc""",0,uj5FE70BcB0,830,60657
232,37,"""DuHzAJ-eQIiCIp7p4ldoVcVAOeY/_LPTFGg1yTcSCwwcYEVsG1HuXYQ""",0,NjTlW2NL1Lo,1353,157651
1329,196,"""DuHzAJ-eQIiCIp7p4ldoVcVAOeY/uo4ZHVgZLc8buT1r7KugZa6iI3A""",0,XZmdzfvXRuw,10355,1248689
162,20,"""DuHzAJ-eQIiCIp7p4ldoVcVAOeY/cz5cLOX1EcEd70JMYQmv0W5C47k""",0,rE5ZVs_YJfE,1522,138729
166,12,"""DuHzAJ-eQIiCIp7p4ldoVcVAOeY/9gJBG1Ae8A98213rutorgkI1ICI""",0,kQlFwTOkYzg,1525,161395
144,41,"""DuHzAJ-eQIiCIp7p4ldoVcVAOeY/43W-37kXwjF4Elb5qzH0HvmfAh0""",0,9jIt95PCFAA,1703,290310
71,11,"""DuHzAJ-eQIiCIp7p4ldoVcVAOeY/hdG5uwoIOYCRhq5TY531kMdusbc""",0,JGzTg8fCj4w,700,71144
207,25,"""DuHzAJ-eQIiCIp7p4ldoVcVAOeY/ZuJJtv0jHmEYGPPmazCRZ6cMilM""",0,81QKellPA70,1773,191896
163,16,"""DuHzAJ-eQIiCIp7p4ldoVcVAOeY/oVLvOyAdlkgliOogf61oK3LxcYo""",0,H4GyGrT7lEQ,1181,97312
334,32,"""DuHzAJ-eQIiCIp7p4ldoVcVAOeY/g_dzXItQ1LdIZ5RHKOxMsx2dyXw""",0,loit61vLUMc,2754,272394
456,48,"""DuHzAJ-eQIiCIp7p4ldoVcVAOeY/SaNPb7LMarsCrN2iy1Uvjl1FdJE""",0,miJ19Kz_i3Y,2732,314558
145,21,"""DuHzAJ-eQIiCIp7p4ldoVcVAOeY/v3AyVNarJN8ypldJeZhHpLsYpaQ""",0,PbchoOWWCZs,1600,143978
215,26,"""DuHzAJ-eQIiCIp7p4ldoVcVAOeY/1L0unL6rlvP1etUWVx1gykgzqQw""",0,hP4GfMgsNVE,1713,150598
182,13,"""DuHzAJ-eQIiCIp7p4ldoVcVAOeY/qmbLeLNTstHq0NsmAG6XS5PiaFo""",0,EVfPPJ5FUmA,966,90697
149,18,"""DuHzAJ-eQIiCIp7p4ldoVcVAOeY/YWSCTzWu3_VD34wgZHRgfLtNCWE""",0,urHQRbRNuYI,1424,103092
229,16,"""DuHzAJ-eQIiCIp7p4ldoVcVAOeY/SztBzbboCHTzrZAGS9fxBSprQrE""",0,JLnIUGOupOA,1033,74993
214,18,"""DuHzAJ-eQIiCIp7p4ldoVcVAOeY/yrpcTNX4x1OIL0OIAadTDRRJCYU""",0,liR0gS0sZY0,1448,175058
91,14,"""DuHzAJ-eQIiCIp7p4ldoVcVAOeY/osMknQnqx3NgLRCgrupyMDCxtNo""",0,m6UM-rN2D6s,1074,141781
199,24,"""DuHzAJ-eQIiCIp7p4ldoVcVAOeY/5qCvLMt8W-N1zPRr841HnDw1yr4""",0,gxd0MPX8c6I,1445,113421
447,44,"""DuHzAJ-eQIiCIp7p4ldoVcVAOeY/BDW_Stwj65_tnSJnJsy0xMHiDCs""",0,_kkZcIgocBM,2584,208899
134,16,"""DuHzAJ-eQIiCIp7p4ldoVcVAOeY/C2O0BO4_MMhIroBIHvCvZaQ5aQU""",0,sS-hNYgDUak,1097,85524
245,42,"""DuHzAJ-eQIiCIp7p4ldoVcVAOeY/SyOTOP1gDxobZ_NCfrkyIUZnupw""",0,hoimk4s8JoQ,2207,247595
202,26,"""DuHzAJ-eQIiCIp7p4ldoVcVAOeY/HSCuPORrjPM7upadd3XKpvRD5EE""",0,Xzv3iiWi1Wo,1530,112095
118,56,"""DuHzAJ-eQIiCIp7p4ldoVcVAOeY/BpJj-fWPiCbHd_NQ17JvQtnF34o""",0,WJJwrnFhUUg,1406,213502
291,28,"""DuHzAJ-eQIiCIp7p4ldoVcVAOeY/b_JfUi758SD7ZeGb39yZOt2vb68""",0,HQC5sPN9Xhc,1909,157364
117,13,"""DuHzAJ-eQIiCIp7p4ldoVcVAOeY/CdNDg593Bh1gArNi6d0KY3BBI18""",0,wDnLlywAL5I,1103,116394
228,55,"""DuHzAJ-eQIiCIp7p4ldoVcVAOeY/WbNPMyRQBIa6v4Wp8W7gkWs1NhU""",0,AE1GKcL3NuI,2693,264264
285,57,"""DuHzAJ-eQIiCIp7p4ldoVcVAOeY/qmHmunGPpc6FBQgfz9jJuVXU31s""",0,ReENCTH7MYI,2783,204641
192,24,"""DuHzAJ-eQIiCIp7p4ldoVcVAOeY/mCKKu400OcbOS9A-zd6hPLlJ1ZE""",0,JMPwj3u4ZTA,1229,82151
124,22,"""DuHzAJ-eQIiCIp7p4ldoVcVAOeY/K0cekFLOV2OwC_0ENmQBNuJHr5w""",0,j8Jf7QVKLgQ,945,115672
221,21,"""DuHzAJ-eQIiCIp7p4ldoVcVAOeY/l2BUwFdLdH4XAEwLMahQd4cL5Fc""",0,IPPU49PyfEA,1044,126065
208,49,"""DuHzAJ-eQIiCIp7p4ldoVcVAOeY/oh_F13b7t3Uoyeg3U99lE-5Q9Rk""",0,RulXVcpgpqw,2362,205676
231,23,"""DuHzAJ-eQIiCIp7p4ldoVcVAOeY/WHkhkrs1v40OEBaSJVdCAU_HPhc""",0,hfvhXOvg43w,1582,118567
63,7,"""DuHzAJ-eQIiCIp7p4ldoVcVAOeY/ZjP3ymeEUbVfDge-EpiCGA2XjLE""",0,8Zge88tVwjE,782,62987
229,125,"""DuHzAJ-eQIiCIp7p4ldoVcVAOeY/-VvOKB6DbvTvQbOd-e5rJ1wqbNY""",0,tayQX_ng-Nc,3601,358358
388,43,"""DuHzAJ-eQIiCIp7p4ldoVcVAOeY/D4vpCoZNEK5URZ2QT4eiJg5z-wk""",0,l_jN9KN257M,2156,193084
105,15,"""DuHzAJ-eQIiCIp7p4ldoVcVAOeY/Jc3qnwXPvRt-xiZtDrYlAUgnFxo""",0,txAtX-VyVNc,913,63560
296,24,"""DuHzAJ-eQIiCIp7p4ldoVcVAOeY/9YFPLW_bXLQTWHEHiPT-U6wbovw""",0,T2G5waMfQ-g,2104,133375
410,76,"""DuHzAJ-eQIiCIp7p4ldoVcVAOeY/JmgaJC4COOgAo4CZUro88S1g5XI""",0,I4h6TC4CPJY,3174,333977
847,166,"""DuHzAJ-eQIiCIp7p4ldoVcVAOeY/Gabti5hp8oAItA2sM96tMfc6ccQ""",0,8QWvzEQ69Kw,5875,525748
254,42,"""DuHzAJ-eQIiCIp7p4ldoVcVAOeY/gjsM_eJt9AO1hY6w1UUJKDfk9Io""",0,cC5ozePVKGI,1648,213686
909,128,"""DuHzAJ-eQIiCIp7p4ldoVcVAOeY/hVNX4wEd4ccPL5a_crpEkAJurnk""",0,8P-YeoTmVrw,7254,591506
166,27,"""DuHzAJ-eQIiCIp7p4ldoVcVAOeY/DHQyWNTpquDP3PZ9N9a4hrjuYyE""",0,EHD9u-lo2wc,1326,138350
233,27,"""DuHzAJ-eQIiCIp7p4ldoVcVAOeY/h0A6jXKuC9lHDUhkuw2c-aPb8kg""",0,Io4fwhacpEs,1593,98762
129,33,"""DuHzAJ-eQIiCIp7p4ldoVcVAOeY/TxI4TBcZTtZjXY2SLuniwQzxoMw""",0,PMDyPrE0puo,1717,241170
175,20,"""DuHzAJ-eQIiCIp7p4ldoVcVAOeY/MCrVQ6ExKwCa1I9S1_wi20-ze7s""",0,e5JhYi_G-l0,1449,125677
231,7,"""DuHzAJ-eQIiCIp7p4ldoVcVAOeY/gQWSlojyFIHfSA-2XrtV3gRS5ag""",0,l_HqMYquc08,1396,100867
479,64,"""DuHzAJ-eQIiCIp7p4ldoVcVAOeY/9xL9mqww--DylNQYcpF7GX6uso8""",0,AGhXEPfp-W4,3390,371739
454,44,"""DuHzAJ-eQIiCIp7p4ldoVcVAOeY/BAfOMgBKJhz1LeAozMF8cCP4Rkg""",0,_MdMhQIOL1Y,2913,223515
169,14,"""DuHzAJ-eQIiCIp7p4ldoVcVAOeY/3eqDvh6RZAYthZ_k8sMJjTcXkfk""",0,nkDA_R-XmqA,1440,96690
153,18,"""DuHzAJ-eQIiCIp7p4ldoVcVAOeY/f-2uUQb5_Y4SCdI1MiwfJHGjDGg""",0,CP6_5cQVZvQ,1058,73075
253,26,"""DuHzAJ-eQIiCIp7p4ldoVcVAOeY/cBsR9TvXRN7tLcmY0DfIeOv5bKs""",0,HOdS-G8p1KE,2002,161219
175,19,"""DuHzAJ-eQIiCIp7p4ldoVcVAOeY/21f6_LBBWo0ErkIaOCKS2SoDIOs""",0,knOutsaiKfU,1119,99432
297,77,"""DuHzAJ-eQIiCIp7p4ldoVcVAOeY/aCzVL9BuPtknSQ8mawweHEpGjGQ""",0,lSeRrm5ZK9c,3136,350979
179,47,"""DuHzAJ-eQIiCIp7p4ldoVcVAOeY/fTOy-tg1gSe5PvEqoc_ehHRlzls""",0,so--opB-yuQ,1369,131031
404,32,"""DuHzAJ-eQIiCIp7p4ldoVcVAOeY/-8zOakk2i_3LBxufcqelxs_rYUg""",0,gmCXgS38NDc,1577,152695
80,47,"""DuHzAJ-eQIiCIp7p4ldoVcVAOeY/fBtAr1iaNjFfqsBEy0YJDvx5Zvc""",0,9N5IWKzYIyU,1032,215925
132,28,"""DuHzAJ-eQIiCIp7p4ldoVcVAOeY/fz4G0o6M_vrNeRSJgCBwqflpgTM""",0,se7wOprxRGs,1283,158574
273,30,"""DuHzAJ-eQIiCIp7p4ldoVcVAOeY/9AkAVSWmuIbCHg4A0pKiG-LZtlA""",0,1enWTsRi16o,1550,141584
205,43,"""DuHzAJ-eQIiCIp7p4ldoVcVAOeY/eCoyEuMVFVn6rT3KZm7jnViSxsg""",0,JdXCoxkOdwQ,1797,179684
489,42,"""DuHzAJ-eQIiCIp7p4ldoVcVAOeY/JNnJ_HFCEOuxgOs1Jm7qO_7cdCQ""",0,nXlu_Q0sR7c,2243,210832
152,21,"""DuHzAJ-eQIiCIp7p4ldoVcVAOeY/HXeHrEGoIpKijylDfX8WCEc1BjA""",0,e0VUprkc1n0,1105,94941
252,60,"""DuHzAJ-eQIiCIp7p4ldoVcVAOeY/Fai_rTP25H1g-7MPoftpui-r6QI""",0,v8Znj8bbmCQ,2148,241214
118,10,"""DuHzAJ-eQIiCIp7p4ldoVcVAOeY/7UaxoUu2RNQrDsF9I6nLWI70Aks""",0,7ZUQTXuDPaI,961,63012
100,13,"""DuHzAJ-eQIiCIp7p4ldoVcVAOeY/gbf-_P1TffZgu79BJTtq4JAyRsk""",0,GBN9AIw3Ao4,1115,88037
154,13,"""DuHzAJ-eQIiCIp7p4ldoVcVAOeY/ClFzCAm280FZTs85VpddoEJotmE""",0,U2_SKgM3f4A,1050,80849
207,33,"""DuHzAJ-eQIiCIp7p4ldoVcVAOeY/N-erUeOlkTTT3IcZUuqFVvepDbY""",0,EBZKuVbRY54,1375,154891
283,85,"""DuHzAJ-eQIiCIp7p4ldoVcVAOeY/0IOUb_gbfWDxHQy6wQy83nOSKnA""",0,GzSqjyQUPZQ,3084,523111
79,11,"""DuHzAJ-eQIiCIp7p4ldoVcVAOeY/6Ly9244-T1qHC3lT2cGjZRCUSzw""",0,Dkww2nHpuZw,728,89240
237,32,"""DuHzAJ-eQIiCIp7p4ldoVcVAOeY/yPpCng9J92P1ON1Yr02CviGJCzw""",0,e63Cgln6Yag,1363,126975
218,20,"""DuHzAJ-eQIiCIp7p4ldoVcVAOeY/KkF0s_IYRdEfp2YloNtHOo3_6HA""",0,fz0YjqtHW84,1612,103436
198,39,"""DuHzAJ-eQIiCIp7p4ldoVcVAOeY/gn6Snr-V09sDnw_r9VIKVdpCEB8""",0,hEyR2FDp-00,1891,127175
342,33,"""DuHzAJ-eQIiCIp7p4ldoVcVAOeY/O2ujMk88lkgc64PUf9bi1f1u05w""",0,HMx34Am6RFg,1734,193876
301,28,"""DuHzAJ-eQIiCIp7p4ldoVcVAOeY/0sIkd6WORoXajrZoM5QfzWegbWk""",0,QyncJfL_HmU,1948,162849
79,19,"""DuHzAJ-eQIiCIp7p4ldoVcVAOeY/hs6JO82Sl2GJr2PE2TJMiub_cYc""",0,rTTWw5Gd79I,1145,122629
460,37,"""DuHzAJ-eQIiCIp7p4ldoVcVAOeY/IRGekZidZGdbyDIBRCIlmpex9T4""",0,yAiYirlcq7o,1944,174784
175,33,"""DuHzAJ-eQIiCIp7p4ldoVcVAOeY/oHzE42YldJ-vO_aiFGjdkEMx2eg""",0,XBqD3QhKU24,1640,117254
138,13,"""DuHzAJ-eQIiCIp7p4ldoVcVAOeY/adgaE5tluLbuj6obv1p-FG4bTYY""",0,5U3G61r35Mc,886,61590
533,67,"""DuHzAJ-eQIiCIp7p4ldoVcVAOeY/_KV51ywU3q0yKcpsn3glKKIJ99w""",0,EVQcDEiJh2o,3495,302945
163,21,"""DuHzAJ-eQIiCIp7p4ldoVcVAOeY/FzJjUs-7ymUZU8jxy3YTmA6pjtk""",0,pYWiLm_-sXw,1432,172211
294,32,"""DuHzAJ-eQIiCIp7p4ldoVcVAOeY/ksLNimrQVmyGBFwiuGaeHHwn_w4""",0,QDwd4pMYyuo,2274,194171
196,18,"""DuHzAJ-eQIiCIp7p4ldoVcVAOeY/FNFhJmB7_1tb95BdG561193Ll_U""",0,lTb8DN6G6dE,1173,92061
205,27,"""DuHzAJ-eQIiCIp7p4ldoVcVAOeY/og94_gOoEnzq9UD5yNoJM6HnVqg""",0,uBRKVa7sy1Q,1613,124505
174,23,"""DuHzAJ-eQIiCIp7p4ldoVcVAOeY/l8doE8-rkmY6_hVSuRtv2krw0W8""",0,4E35-8x_y04,1490,162048
1443,161,"""DuHzAJ-eQIiCIp7p4ldoVcVAOeY/fSeoby_Oc1xNJKW8Qk1pIJ0Gauk""",0,LygUyAb78oY,9093,1108838
176,30,"""DuHzAJ-eQIiCIp7p4ldoVcVAOeY/_efzsG2AVT68tpIwbJu7E_sM1I0""",0,WT6n0K2zGnA,1195,160610
139,12,"""DuHzAJ-eQIiCIp7p4ldoVcVAOeY/GhGPIPpn8xx0oZ1_-LXF9-WfPzo""",0,fcx1yUuSf3o,1054,84379
188,28,"""DuHzAJ-eQIiCIp7p4ldoVcVAOeY/LZ7SY7y5GJLHoFeHzHT6Z1EoccI""",0,xgjQ0v2d9mE,1191,97442
90,13,"""DuHzAJ-eQIiCIp7p4ldoVcVAOeY/7p56cZwKfEBF3XIRcJ7W2StMdmE""",0,Z0vtjRLqXcQ,772,72706
109,13,"""DuHzAJ-eQIiCIp7p4ldoVcVAOeY/URC4u-fEqhPQ5I1j4b_2Ane6jEs""",0,2FpVyGanPwM,1075,92694
96,15,"""DuHzAJ-eQIiCIp7p4ldoVcVAOeY/MA6MBT7B4RQSTuWOesd8xt1kwNE""",0,dafH8ks9Zww,774,59280
157,21,"""DuHzAJ-eQIiCIp7p4ldoVcVAOeY/wOv67wspbXD7UVkzkrOeQs0lUio""",0,y5k4GXw_-yI,1350,99625
170,25,"""DuHzAJ-eQIiCIp7p4ldoVcVAOeY/AFiZ-896WemwIKJyLP6l7JTRmNk""",0,CnMLKAGi0yM,1113,124261
170,25,"""DuHzAJ-eQIiCIp7p4ldoVcVAOeY/e6NFjCxXY7sX8OyUi09fwC0ncNY""",0,Rh-jKrMrmOA,1096,106578
304,80,"""DuHzAJ-eQIiCIp7p4ldoVcVAOeY/FEFC2bUWr0rArhRE6oAzZuse0X0""",0,VYcsYzzRae4,2821,305972
186,17,"""DuHzAJ-eQIiCIp7p4ldoVcVAOeY/Fet8oQIRvtC1hBBCwSSTogaNLwU""",0,uZyZW3tkCE0,857,82915
213,34,"""DuHzAJ-eQIiCIp7p4ldoVcVAOeY/v6cF4kqqH8kA3kNGgcmLnZOTnbQ""",0,obSLZWXmDak,1735,148849
243,19,"""DuHzAJ-eQIiCIp7p4ldoVcVAOeY/mxDu6Jos_Kbw5uC2HIK9sK9hQjw""",0,mFOna_LN7Ys,1260,95899
295,35,"""DuHzAJ-eQIiCIp7p4ldoVcVAOeY/U_WyaDVRk4SXA9D0HmVjd_qENsc""",0,vKyMU5Z8cDI,1789,207851
216,31,"""DuHzAJ-eQIiCIp7p4ldoVcVAOeY/R7F0iS3EpK3MyP5lbgye8RsFn3I""",0,NYUIIBFj0iQ,2111,197807
161,24,"""DuHzAJ-eQIiCIp7p4ldoVcVAOeY/gmfhDr6FBgPrDP7xsjGO70azBvc""",0,Q03YvknOVe0,1232,134376
209,36,"""DuHzAJ-eQIiCIp7p4ldoVcVAOeY/jkZr3UU2vRTfDZ_3ZPUEMmnTmAQ""",0,pfWV8NkotvU,1829,193628
248,29,"""DuHzAJ-eQIiCIp7p4ldoVcVAOeY/YD5RIWRhSg1WiAaMyj2Ww1mITFo""",0,chhCkmp0RG8,1813,124666
1454,334,"""DuHzAJ-eQIiCIp7p4ldoVcVAOeY/_xoxrSa4fLgOv4NOdx-L0LLA2Pc""",0,MHJB0IBnuD4,8779,742206
141,13,"""DuHzAJ-eQIiCIp7p4ldoVcVAOeY/oOCFK4mAU1Sz5qHm7SWWWzPP6qQ""",0,cIUBUc_ITBc,1100,96510
151,22,"""DuHzAJ-eQIiCIp7p4ldoVcVAOeY/G2xNUaIq5yKu0U8qEOX4IgSLYeo""",0,yxAMOdl6RJE,1301,106972
218,29,"""DuHzAJ-eQIiCIp7p4ldoVcVAOeY/FEnMVcl5TnpRHJcMVaWftcHjnSA""",0,KsDPg5HZYNw,1444,155022
84,11,"""DuHzAJ-eQIiCIp7p4ldoVcVAOeY/yrqIQZmN5Kg5EBuzFAR3BDT03Ww""",0,6O4sfJd8G_M,1047,98544
116,6,"""DuHzAJ-eQIiCIp7p4ldoVcVAOeY/HsRnKTTsdHzliPJ4GZC0HL1n8N4""",0,HklPkQ0lSKA,890,58562
222,31,"""DuHzAJ-eQIiCIp7p4ldoVcVAOeY/SYSo9LwnkgJ-e2euxpEv6mM_qrw""",0,2OxSJcFvpoU,1292,135869
332,20,"""DuHzAJ-eQIiCIp7p4ldoVcVAOeY/ECJDLqlS3cWUkNd1yKEVxDDdq8I""",0,jq8bIbpW7DQ,1742,104970
654,88,"""DuHzAJ-eQIiCIp7p4ldoVcVAOeY/r7DBIZnTj1G1Qw8QIgHXB7OOR84""",0,9DU6bunvD_g,1871,207563
31,3,"""DuHzAJ-eQIiCIp7p4ldoVcVAOeY/E5MbNSzEq-o0OLhFAPi0rl-ujl8""",0,TM5qETFUP7M,211,27381
216,31,"""DuHzAJ-eQIiCIp7p4ldoVcVAOeY/PoFgChlckZzx_Lz7nnXEPkplWMk""",0,WGUcw_kFvzU,1815,157837
1053,369,"""DuHzAJ-eQIiCIp7p4ldoVcVAOeY/3TtGUYwGChRMaMBSDtqbXVrgyRk""",0,DFQlu6eqrBo,6153,731843
233,24,"""DuHzAJ-eQIiCIp7p4ldoVcVAOeY/WiDSuomR2dfVOuHr5VUHmZW9t1w""",0,1ZriQGhSFTM,1461,113077
192,21,"""DuHzAJ-eQIiCIp7p4ldoVcVAOeY/lxjg0iPzzADMS59q9qY6m4HZG18""",0,oJvk7gPDHiE,1047,98358
185,16,"""DuHzAJ-eQIiCIp7p4ldoVcVAOeY/Ud5jThOPqD7cGFmORa4X2VCX60U""",0,kdlHV6ceI_g,1079,97118
129,16,"""DuHzAJ-eQIiCIp7p4ldoVcVAOeY/8i_jFGr0GMIjmUJa89E5J6F_rYY""",0,HuHC1RqtvDA,935,95144
150,11,"""DuHzAJ-eQIiCIp7p4ldoVcVAOeY/TJOiTH_d7wdI6EBOFlrzKSlDLG4""",0,dbMJVM4iL2Q,1031,73400
83,20,"""DuHzAJ-eQIiCIp7p4ldoVcVAOeY/aa3mOvKyUh4seezr8SGBfi9vX6c""",0,aOJsKNzO3i8,1231,129740
80,23,"""DuHzAJ-eQIiCIp7p4ldoVcVAOeY/B6ozh08rXtHBQPXHdUjb4ZOE0cY""",0,n9EsFFtwZnE,960,125897
95,11,"""DuHzAJ-eQIiCIp7p4ldoVcVAOeY/3rRk6STznRP9iZEyIVf5Wq7x7Rg""",0,YQPEy3hYGo8,836,64166
155,9,"""DuHzAJ-eQIiCIp7p4ldoVcVAOeY/3LgIc_L0Y1fFZ_Kp5qEpCR0RO-o""",0,VAdMkf-AAPM,1200,82046
131,11,"""DuHzAJ-eQIiCIp7p4ldoVcVAOeY/0NeYdUt12wmb6TWznVkf36Ca3TU""",0,ov4YaCQB9co,922,102636
279,43,"""DuHzAJ-eQIiCIp7p4ldoVcVAOeY/iEHgn-TnJ1knEGYNJQqooN-34JI""",0,7t6ue0pEcNE,2176,175739
225,21,"""DuHzAJ-eQIiCIp7p4ldoVcVAOeY/Qs1wLMGMkfnZqJB1pmDViSlbQDw""",0,FPW2FwK4IOo,1120,102088
286,45,"""DuHzAJ-eQIiCIp7p4ldoVcVAOeY/XxEddmeTNjmtLO1-tadChmbqNAg""",0,ubUXBqE6t0U,1811,182281
237,36,"""DuHzAJ-eQIiCIp7p4ldoVcVAOeY/MaGmcP4NdQndlKB5tKWvLZZs0A8""",0,3q8Zi9480lw,1917,183224
43,14,"""DuHzAJ-eQIiCIp7p4ldoVcVAOeY/XKdm6c-Jm5BBtcdyGXUAsn2PVY4""",0,P_DaqkFbnac,643,77993
158,26,"""DuHzAJ-eQIiCIp7p4ldoVcVAOeY/VFWSz8PygfrYh6X9_DgY8cVAn5w""",0,QbgPu5f2Vf8,1240,91894
287,17,"""DuHzAJ-eQIiCIp7p4ldoVcVAOeY/IdOKMyt_r9VLJv10_cMoQ-26s04""",0,vbPdQ0w8ylg,1557,100945
1167,196,"""DuHzAJ-eQIiCIp7p4ldoVcVAOeY/HWtEIFElxfgrr2u9ybG-vnJXYIk""",0,enutOy-nsZk,6703,1087706
375,69,"""DuHzAJ-eQIiCIp7p4ldoVcVAOeY/HXZGhCj12FPxqBqKg8IZR01u9_4""",0,1-9_enMBquw,2901,287738
147,13,"""DuHzAJ-eQIiCIp7p4ldoVcVAOeY/Enfvunh5ZM8uz5ZYa6o8t9wmSac""",0,9wp8NRzCJnw,1056,87600
187,21,"""DuHzAJ-eQIiCIp7p4ldoVcVAOeY/lBcXuDhqraYdeISLEjQBf5-yO3k""",0,H4VsmKU5T7g,879,90471
184,15,"""DuHzAJ-eQIiCIp7p4ldoVcVAOeY/sPqOzFYwPOfRXWOrY2cp2AorI3c""",0,CiNDyckERXQ,1588,141313
225,38,"""DuHzAJ-eQIiCIp7p4ldoVcVAOeY/YwNwKi1SCu7kLjcCPrO0FgI622U""",0,N_u6x7LeyTM,1298,121899
339,81,"""DuHzAJ-eQIiCIp7p4ldoVcVAOeY/3LH426C_LvU_s2elHB2-5HY0t6A""",0,a6Wil3OXNuI,2605,316015
577,82,"""DuHzAJ-eQIiCIp7p4ldoVcVAOeY/hcIPXog3QJOKVt0H3QffD1u3-b8""",0,kMgd6r6c4vE,4674,330714
180,26,"""DuHzAJ-eQIiCIp7p4ldoVcVAOeY/VKVQD_4h1vkmWp36b8v7ez6bK7k""",0,2gq2V6dCt2I,1509,162683
136,10,"""DuHzAJ-eQIiCIp7p4ldoVcVAOeY/pSvMxmmrOUdwaury2m7fXPPBCyU""",0,19oz9XHZNzA,875,70196
326,68,"""DuHzAJ-eQIiCIp7p4ldoVcVAOeY/lMN09i7-WcuPbDcb65cDd19iF0Y""",0,2zv_S_uVoVQ,2146,176094
250,22,"""DuHzAJ-eQIiCIp7p4ldoVcVAOeY/JjnVloUpnS43Etqsw7PlB0NDquU""",0,nK-HebXL2uw,1115,91118
120,8,"""DuHzAJ-eQIiCIp7p4ldoVcVAOeY/tp03dNMoY_zMdDqdoxLhPrzy9RM""",0,qg9c1SqdRko,924,67341
106,14,"""DuHzAJ-eQIiCIp7p4ldoVcVAOeY/tcM3tpEi3uLEq-UMTDbe6-Qwn1U""",0,QglIjlqsUdU,1044,112402
1700,165,"""DuHzAJ-eQIiCIp7p4ldoVcVAOeY/IhCwuenZcCn8kJWa9G0udJ-JL7E""",0,Qj6lMtnCt8o,8536,742210
138,25,"""DuHzAJ-eQIiCIp7p4ldoVcVAOeY/tziEqvaETk3MPj6Gjao3Rz_NcnI""",0,HFdTxqEznIk,1257,89447
163,10,"""DuHzAJ-eQIiCIp7p4ldoVcVAOeY/kPdMY44coqd6MkrVsqn6JqnPbUQ""",0,TyOO6WeP2AY,1037,78997
232,24,"""DuHzAJ-eQIiCIp7p4ldoVcVAOeY/BM8IMTEltudpIlkJDzzcdxLppfY""",0,d50HkqB9JEM,1337,105123
99,12,"""DuHzAJ-eQIiCIp7p4ldoVcVAOeY/n_FTenXa933CqkdiIlnOFgP1eZw""",0,gOGJYHWjXgE,711,49684
208,28,"""DuHzAJ-eQIiCIp7p4ldoVcVAOeY/e6Uz03OVMu_cDGqlnSFE9FH2TKE""",0,iB1TDWlo0kk,1284,112566
135,18,"""DuHzAJ-eQIiCIp7p4ldoVcVAOeY/7Jamqdrg0C5Ks8MVwElsziFx9GY""",0,aR-C3h5zURM,884,83031
238,26,"""DuHzAJ-eQIiCIp7p4ldoVcVAOeY/zEOwOSjlXrhRVlzOQs3pEcvZoEU""",0,uY3fIry2tOE,1087,105140
135,17,"""DuHzAJ-eQIiCIp7p4ldoVcVAOeY/wAV9uWNJmyEvdB37NzLuiiXuiGs""",0,_xkn0ceDreo,869,90823
219,10,"""DuHzAJ-eQIiCIp7p4ldoVcVAOeY/IvS_a3GOOIxLfq2OmjH2jyeaFY4""",0,4jAsLpJzjHM,1111,83271
184,12,"""DuHzAJ-eQIiCIp7p4ldoVcVAOeY/3X4O8Z-d0XZnF_kbGQlfXbbBxps""",0,FdIUHudQABI,1003,100077
521,102,"""DuHzAJ-eQIiCIp7p4ldoVcVAOeY/bJAhACD80n0GdIzpFToCan5uRk4""",0,gnp6WE7Ql-s,3994,313094
130,12,"""DuHzAJ-eQIiCIp7p4ldoVcVAOeY/EGCoUPcCB7koGAK5aDknKo-cO8k""",0,9-ATP8xyDM0,826,56605
4911,326,"""DuHzAJ-eQIiCIp7p4ldoVcVAOeY/-Mf610UwwzC08gilGYFPmUdgY50""",0,nJGCVFn57U8,21931,1145324
181,24,"""DuHzAJ-eQIiCIp7p4ldoVcVAOeY/pEct-kkvXLiDv696Wxn6QYCFfuM""",0,COsJUfPN2dA,1134,84316
368,35,"""DuHzAJ-eQIiCIp7p4ldoVcVAOeY/9jePMtxQMWO4wcxXDLdxItP7QPk""",0,V_l6olF3yHI,2104,186733
175,20,"""DuHzAJ-eQIiCIp7p4ldoVcVAOeY/fjMMpjRwao-jqMJipVbmYhu77Z4""",0,Cg3XAVhAas0,1258,91800
157,10,"""DuHzAJ-eQIiCIp7p4ldoVcVAOeY/av1Z7FMeU_Ri86LlSa-8MyNnb4c""",0,i29frkR1T98,898,68744
468,120,"""DuHzAJ-eQIiCIp7p4ldoVcVAOeY/4eBTNbZ2LjelAVdC44UNPKpKB58""",0,qXElmiqzcI0,5794,707956
276,30,"""DuHzAJ-eQIiCIp7p4ldoVcVAOeY/gyNIy7lXWBlQMTnkjweNjK-4osw""",0,XWQrP-WiLgc,2030,127960
297,32,"""DuHzAJ-eQIiCIp7p4ldoVcVAOeY/0ziU9lg8jWePSmnI-TKOmZqvl8c""",0,bSm3fmEyJ20,2802,166834
184,17,"""DuHzAJ-eQIiCIp7p4ldoVcVAOeY/aqhkaFaBdF94PxeaLt8EQFD48ek""",0,q48EWPrbzVs,984,67939
108,16,"""DuHzAJ-eQIiCIp7p4ldoVcVAOeY/hS7tJFKvDX3-8UPTXj7vaazPZMQ""",0,VqMbL00eZqw,874,68357
190,19,"""DuHzAJ-eQIiCIp7p4ldoVcVAOeY/pZF-RHWo6VUO9yWidDS4qbjDkxc""",0,8tHHBTK6wwc,1053,104147
422,88,"""DuHzAJ-eQIiCIp7p4ldoVcVAOeY/OxM7w6dWBh8oQ-TDUjDn-lBROrA""",0,0mJqzzeWyXs,2989,238536
126,23,"""DuHzAJ-eQIiCIp7p4ldoVcVAOeY/B48Fu4vimDFMzn1HIfn7YCTfXh8""",0,Tnb2cXKKuWM,1260,102719
245,33,"""DuHzAJ-eQIiCIp7p4ldoVcVAOeY/Jj4wxHs_Br86g3TCZQ9VaV6vEqk""",0,PGPVpil2UmE,1254,117292
374,28,"""DuHzAJ-eQIiCIp7p4ldoVcVAOeY/lURSI4iQl95GZX2RvlJNUDDrtCI""",0,wKeemvioVrM,2325,152387
144,27,"""DuHzAJ-eQIiCIp7p4ldoVcVAOeY/GnFAXpWCWTY_9PNrCothjGmwk0M""",0,Kl5X3icOVvw,1091,106852
188,33,"""DuHzAJ-eQIiCIp7p4ldoVcVAOeY/e7LCT7kx59qLf0wub4MPNoFCxkY""",0,aE4nID1p-t0,1186,109728
345,46,"""DuHzAJ-eQIiCIp7p4ldoVcVAOeY/dUtIdup5qd0I1DZgFPJwgkPFiSM""",0,ODrV0dfQcNs,2183,147293
360,27,"""DuHzAJ-eQIiCIp7p4ldoVcVAOeY/EbESM_34mcl-HDnzQv_6yViGAws""",0,AmBDmgta3l4,1258,101727
340,32,"""DuHzAJ-eQIiCIp7p4ldoVcVAOeY/cwmvjHRuTGzEkwil3l9FeZsFOIg""",0,CY6sGFs209E,2237,157422
352,26,"""DuHzAJ-eQIiCIp7p4ldoVcVAOeY/2wR0wBEhRhJE7nn1SKADk2Tv6CM""",0,NqfRLiv0SZ0,2002,178435
228,31,"""DuHzAJ-eQIiCIp7p4ldoVcVAOeY/5H5CEh0cltcuqpwv2U31D-bi2pM""",0,q5moLoqOkP0,1045,91478
165,17,"""DuHzAJ-eQIiCIp7p4ldoVcVAOeY/JZqr8_RGtNsa1-2OhpeiaHo8G2Q""",0,6afHY2d9Lv8,889,83754
157,17,"""DuHzAJ-eQIiCIp7p4ldoVcVAOeY/iEE9CUoMuIUEVxXR1YUnT25UXNI""",0,R7Y3izMFPbM,979,84923
439,27,"""DuHzAJ-eQIiCIp7p4ldoVcVAOeY/2wXyYmf5muLkff0Y2o008nuPkyY""",0,G7Etn7QMeO4,1846,135152
22,0,"""DuHzAJ-eQIiCIp7p4ldoVcVAOeY/cqY1eTCEn1gcz5lPdCOLEY1aXMM""",0,eaMR7E6Y4K8,302,40519
148,22,"""DuHzAJ-eQIiCIp7p4ldoVcVAOeY/8G9uo4c9bax0FedeNU9pzWw77lI""",0,Me9Ietooq4w,1043,103984
132,19,"""DuHzAJ-eQIiCIp7p4ldoVcVAOeY/RL6_ZbznYT9x283gMddfobkCbV0""",0,4abDq6Q-mlM,973,99518
218,24,"""DuHzAJ-eQIiCIp7p4ldoVcVAOeY/okAPLjTaD7T9Luki5FRImTV-lpQ""",0,vGsW_6BCukU,1637,122012
193,27,"""DuHzAJ-eQIiCIp7p4ldoVcVAOeY/s1Fbquw1pbEFI9zY6sJW-1FdVKY""",0,ikR7UT9mVBw,1282,102761
158,13,"""DuHzAJ-eQIiCIp7p4ldoVcVAOeY/JnWhmkVmLuE4cI8n6fLhQEIrLRE""",0,2bjFmSQjQrw,1026,81580
228,30,"""DuHzAJ-eQIiCIp7p4ldoVcVAOeY/XVUOifnOXJKJGby3O-MgzsYe0CY""",0,ZHUdS0wEaKk,1453,107957
171,15,"""DuHzAJ-eQIiCIp7p4ldoVcVAOeY/uxlpEVnLp6qQvLppQ1ONtfzwNQM""",0,NJbzIftLLmU,1278,93651
504,43,"""DuHzAJ-eQIiCIp7p4ldoVcVAOeY/46MZo9L4n3r2qHD6iFy2B8Jp5Oo""",0,BbYO579MmhA,2892,276791
131,11,"""DuHzAJ-eQIiCIp7p4ldoVcVAOeY/jdBZ4Y1n7uU9mMRQn4NYkC8gCIM""",0,46vI20697HI,697,43406
549,68,"""DuHzAJ-eQIiCIp7p4ldoVcVAOeY/JATtN8PSeBRkijN8p9Lqe4nPXmM""",0,puGk2iFvvp0,5130,394665
293,27,"""DuHzAJ-eQIiCIp7p4ldoVcVAOeY/2QpQBhxdMkgrDOIaqMNDjwzHYmY""",0,LEz4UVL7POE,2470,113933
309,23,"""DuHzAJ-eQIiCIp7p4ldoVcVAOeY/H-G6j8w0o8UXcDlb6Li9v-qfiKc""",0,_TTdw3YnXuo,2191,142725
355,43,"""DuHzAJ-eQIiCIp7p4ldoVcVAOeY/DIHO9PQjx1DPmkpsylYoea0PtCg""",0,K4aud_SpFDQ,3055,226983
155,14,"""DuHzAJ-eQIiCIp7p4ldoVcVAOeY/XDH2MFQHNQZSnE6JGvV4Kyc4BNA""",0,kN1DP_yqs-A,1190,92867
127,23,"""DuHzAJ-eQIiCIp7p4ldoVcVAOeY/VIBnJtbudcp1oClG_bzO11tpl0c""",0,8f9CCnqJ_1Y,993,74599
136,20,"""DuHzAJ-eQIiCIp7p4ldoVcVAOeY/rXz_XkZGouM9KbEdeoUXEFWOY4s""",0,hdNH5axK4u0,746,55472
100,12,"""DuHzAJ-eQIiCIp7p4ldoVcVAOeY/1fpxseqh1I_ut-b2vkGm5ox9bmI""",0,ddU9vQvSpw8,1151,87311
137,12,"""DuHzAJ-eQIiCIp7p4ldoVcVAOeY/9eASUxuYxos6TGkMrYNqKlJus0w""",0,cFi_fJl40BA,823,59200
144,5,"""DuHzAJ-eQIiCIp7p4ldoVcVAOeY/wIqhZScCQfIWlUBRzG3xUSBbIF0""",0,xpNrn0_97LM,1969,104206
213,19,"""DuHzAJ-eQIiCIp7p4ldoVcVAOeY/XiMt36dfNy-3Xi_UJjhpxYcs2C0""",0,kbnXZRNMouM,1539,117464
93,25,"""DuHzAJ-eQIiCIp7p4ldoVcVAOeY/zSnbVdaJWYe8MAtfVnb_AEvFMgA""",0,HWrvW-NgaOY,800,75444
247,32,"""DuHzAJ-eQIiCIp7p4ldoVcVAOeY/UauTcWk8w7G93mk-yAU0P98PxFI""",0,QbclL1ca7_s,1197,113422
316,34,"""DuHzAJ-eQIiCIp7p4ldoVcVAOeY/T_vjU_TE42hfX9T2TLj3b_5rB8Y""",0,07acfzBaoa0,1319,93366
177,11,"""DuHzAJ-eQIiCIp7p4ldoVcVAOeY/ANQNqsvOnQBf49iUxsx6_aCMkdg""",0,YcbaMqq_X8s,998,75216
392,39,"""DuHzAJ-eQIiCIp7p4ldoVcVAOeY/rJxgeC_iYbhNN4yErEOhcvv1m_U""",0,ZoJ2tcXWb7g,2524,172008
11,5,"""DuHzAJ-eQIiCIp7p4ldoVcVAOeY/N867eCHok6yivn3WCYG_EgpjUXc""",0,OO9RnpN48dU,241,39959
237,20,"""DuHzAJ-eQIiCIp7p4ldoVcVAOeY/-j1-4haIoXZ1paI8f4aflIimVJk""",0,uJLK85uU5mA,1185,77741
170,56,"""DuHzAJ-eQIiCIp7p4ldoVcVAOeY/tdWoWBd_lx2xxwmZ0D0whJA7Od8""",0,yInYwy6AsDQ,1249,45618
363,34,"""DuHzAJ-eQIiCIp7p4ldoVcVAOeY/5sz0iNjCCE0EZi-u6UMzsuSeliU""",0,Fw6odlNp7_8,2478,149469
92,13,"""DuHzAJ-eQIiCIp7p4ldoVcVAOeY/DDQY-hro9YT7EddlXGvQk5E0nME""",0,flCWS9LB4Ks,755,54684
95,49,"""DuHzAJ-eQIiCIp7p4ldoVcVAOeY/qQqd3r8x8cWhpRbXV2uTPoFgl5E""",0,u0Bz6TNUK1Q,781,72859
37,4,"""DuHzAJ-eQIiCIp7p4ldoVcVAOeY/Mf1eMDM9hwCksJveWA7beDC0CAo""",0,K6tUilWczjc,496,51473
13,1,"""DuHzAJ-eQIiCIp7p4ldoVcVAOeY/NU-nPOFcr6GlEnmA3F-P_qOoPpY""",0,jWq3GLwc4mk,176,27062
53,17,"""DuHzAJ-eQIiCIp7p4ldoVcVAOeY/wdEmcdyjuFnHpbRwZA693k9MXJ0""",0,dK5Jl2CB0Bc,245,241446
1111,207,"""DuHzAJ-eQIiCIp7p4ldoVcVAOeY/wwLUMrOoJ48_yZVJJV8-KJRdIMM""",0,gqdzXNsL_2o,9132,566324
4,10,"""DuHzAJ-eQIiCIp7p4ldoVcVAOeY/bCMHZhSgHNRmjvzy6BqwP2IvSLc""",0,PELNMB0T4Qk,77,26724
3,4,"""DuHzAJ-eQIiCIp7p4ldoVcVAOeY/7d-A4jdvdyzXXBFCAY_amT_pD2M""",0,IWmgEOxVynU,148,15769
4,1,"""DuHzAJ-eQIiCIp7p4ldoVcVAOeY/hD_7oYT7WowUpPh80FIK7fNVgK4""",0,fwv4SbVhwKY,39,15391
1,0,"""DuHzAJ-eQIiCIp7p4ldoVcVAOeY/qwNDXyKRO0QHm37BWiXz_q-Pwfw""",0,CdUF1fQ9lkM,20,10602
2,1,"""DuHzAJ-eQIiCIp7p4ldoVcVAOeY/9eMFeUqIsnFfKO-hX_6hSXo-RQU""",0,oBqnhnJ7PH4,35,13376
12,8,"""DuHzAJ-eQIiCIp7p4ldoVcVAOeY/ImADYkBcX_UGtK2_Q81Rj0_No64""",0,H79UJ0ktOrE,209,27618
0,0,"""DuHzAJ-eQIiCIp7p4ldoVcVAOeY/9H2MRqyxGon3wV9K3YkEvQFVCqU""",0,IOykr7eCGGQ,9,2839
11,2,"""DuHzAJ-eQIiCIp7p4ldoVcVAOeY/_JOVhB4ixRFKYQIttG1qGghlFXI""",0,2R4WJKr5huI,132,18592
15,2,"""DuHzAJ-eQIiCIp7p4ldoVcVAOeY/QdSkFs9k8cxu96zlee3MH0kC9xQ""",0,u9ZgMICnkew,150,154439
2,1,"""DuHzAJ-eQIiCIp7p4ldoVcVAOeY/49YwNNUMu0owhSnm_YFOLsxNkw8""",0,skhI94v4-pY,31,16649
0,0,"""DuHzAJ-eQIiCIp7p4ldoVcVAOeY/PD_G0Xq2LLOu43xdD9diwxh_2oo""",0,DDVSGsOXXRI,21,8501
52,25,"""DuHzAJ-eQIiCIp7p4ldoVcVAOeY/xjKT7mLkc07buYvKqT-n6MR8tnE""",0,vAIKFontLtU,627,319081
19,4,"""DuHzAJ-eQIiCIp7p4ldoVcVAOeY/Ynivw5jfQJEf5-2g9f8cZ0fHNBo""",0,zv8Oc49eIiQ,167,76822
1,0,"""DuHzAJ-eQIiCIp7p4ldoVcVAOeY/nxCraAB_K1agqjhCsvgk5Qv5GzA""",0,O9N2UJDrcmo,10,5945
6,6,"""DuHzAJ-eQIiCIp7p4ldoVcVAOeY/sivMBSAjL-9C-_lfrZVRUww3ni4""",0,DqQQF3CG-5k,166,27947
3,5,"""DuHzAJ-eQIiCIp7p4ldoVcVAOeY/xGli3_42h7lO_j5uCxBiBVNaEAo""",0,G7J1hNrkH2c,72,43545
8,3,"""DuHzAJ-eQIiCIp7p4ldoVcVAOeY/PRySNmzUPzjZ2INr1hCNaquSB8c""",0,Qt689sNa2hk,44,12887
1,1,"""DuHzAJ-eQIiCIp7p4ldoVcVAOeY/UjSnMrCu8h7rXmxLA8Lf228SjHo""",0,b-KIaAjlcKI,19,7771
15,2,"""DuHzAJ-eQIiCIp7p4ldoVcVAOeY/Ru3VUwhJnHMP73ahaCxOfBKyJII""",0,OX8xVftE6ak,191,63111
2,1,"""DuHzAJ-eQIiCIp7p4ldoVcVAOeY/Q9fTchC6y03FmsGKUCagDsbjoVQ""",0,GAQ1qKcLy1g,39,42010
0,0,"""DuHzAJ-eQIiCIp7p4ldoVcVAOeY/NHPdgzfUixpO8Wq3hTjkEhZSktw""",0,CXVTrgG9gOw,31,10180
5,4,"""DuHzAJ-eQIiCIp7p4ldoVcVAOeY/d_1JXBrmISJ4clozz4Xu_T5-dyk""",0,TJEmH7QYf0w,52,21650
1,1,"""DuHzAJ-eQIiCIp7p4ldoVcVAOeY/NDlCJMqezaZGW6rdqe_nwj8WHQQ""",0,YaeW5V1fzEc,18,6860
91,6,"""DuHzAJ-eQIiCIp7p4ldoVcVAOeY/DAzsplZyBrIOBagIpXviMgiVNMc""",0,OoDOzU4_KMM,656,92785
15,13,"""DuHzAJ-eQIiCIp7p4ldoVcVAOeY/n8XNhUb33O5dTnhctxXSkGGq8AU""",0,fEr2esChwvw,224,175613
0,0,"""DuHzAJ-eQIiCIp7p4ldoVcVAOeY/stGK0dRv8faWWaxZvP3BbGw3N94""",0,pr_2ggkdhZU,17,5614
6,5,"""DuHzAJ-eQIiCIp7p4ldoVcVAOeY/X_OAD9ZRLm_7gf392vGJIe2K3Ds""",0,U9aTwqPmq3c,73,39806
12,11,"""DuHzAJ-eQIiCIp7p4ldoVcVAOeY/1_rCi40gi9mkqBqQIypW2LCUDmM""",0,xfF6sr5OaOc,162,73028
5,5,"""DuHzAJ-eQIiCIp7p4ldoVcVAOeY/rsxTPKJ4J4MK0VcgwejAW0Q_HuQ""",0,aJVD_4EvZuU,80,85854
6,3,"""DuHzAJ-eQIiCIp7p4ldoVcVAOeY/4I0AS9d4fSU40jiU047o61_RT4g""",0,0cAdZ5Vp_Mw,30,11398
10,4,"""DuHzAJ-eQIiCIp7p4ldoVcVAOeY/0Bmp2KuZjWdt1tT6K9z8l3ZCths""",0,5JIdvHQagU4,110,24127
4,4,"""DuHzAJ-eQIiCIp7p4ldoVcVAOeY/dZiauhQsVe8_lZvzYGWS_59lMb4""",0,QdRa-pMYEoQ,82,37845
2,3,"""DuHzAJ-eQIiCIp7p4ldoVcVAOeY/68hj2CV9VdQ11ZAJ5ca10Oa64ao""",0,1RCD0WOkFgA,44,16883
3,0,"""DuHzAJ-eQIiCIp7p4ldoVcVAOeY/rO0t-Ykkg6tLL5RfuBo96bnGPzs""",0,-MiX6g-1zwI,86,25587
17,8,"""DuHzAJ-eQIiCIp7p4ldoVcVAOeY/b-CB2jCHFV4oaUuuZojZWhy_GaI""",0,C7dLyIuzmv4,119,113005
2,3,"""DuHzAJ-eQIiCIp7p4ldoVcVAOeY/Xv0w-i10kpcF6Fo89MXez88nQDM""",0,u66x4GDe4rc,74,39670
0,0,"""DuHzAJ-eQIiCIp7p4ldoVcVAOeY/odf55U9Giuvl0qQbmWn30VeXpOA""",0,IA9GHFN1jZ8,7,4501
4,2,"""DuHzAJ-eQIiCIp7p4ldoVcVAOeY/xuRKN2Sh1QFJZTvDGUyJGpPMA5k""",0,N01RHIjVpaM,103,40283
17,10,"""DuHzAJ-eQIiCIp7p4ldoVcVAOeY/WBdn37SV850bhgy7GmFNCmH4z3o""",0,oQj-1dY2XeA,264,358785
9,15,"""DuHzAJ-eQIiCIp7p4ldoVcVAOeY/aHH26fJOluu4zvC4OhXhfLWSPQE""",0,jdy-Qnkwquk,152,59604
0,5,"""DuHzAJ-eQIiCIp7p4ldoVcVAOeY/b0JCFApzjNvG7VIM2i35Yf5ykQM""",0,_SL5ua0yP-w,47,17056
12,5,"""DuHzAJ-eQIiCIp7p4ldoVcVAOeY/suyQ2Coub0qPNnxwHNVclZrepDU""",0,DMNQ6HfhKfk,161,22826
5,1,"""DuHzAJ-eQIiCIp7p4ldoVcVAOeY/16_FzXZFTWDt8BQr62uyAApyg6M""",0,_-QLPsOM2kI,79,19932
5,1,"""DuHzAJ-eQIiCIp7p4ldoVcVAOeY/IzpTbpri3q__m2uxu_vuuiweGk4""",0,5VDcW6nxXX4,10,3781
14,8,"""DuHzAJ-eQIiCIp7p4ldoVcVAOeY/mPzCqr1wkyBq2x1OW_TZ2svq8uM""",0,5eNfmCkH2_E,103,93562
0,4,"""DuHzAJ-eQIiCIp7p4ldoVcVAOeY/eIgA9848lHfNK_6t3uhz-uqYm0E""",0,yKm41JXqXp4,36,12198
2,0,"""DuHzAJ-eQIiCIp7p4ldoVcVAOeY/fVLBMSEMCCwXVVIGC5SHfNeHKww""",0,hdAv1ICmjPE,20,4338
6,11,"""DuHzAJ-eQIiCIp7p4ldoVcVAOeY/96mX5p8r6nJv1prnbd-8agV10Ns""",0,jvmBQGWOSb8,117,59710
0,0,"""DuHzAJ-eQIiCIp7p4ldoVcVAOeY/eTOGY387Sdoxs-QS4tfHlyeykdg""",0,eHglOflhoxc,11,4058
3,2,"""DuHzAJ-eQIiCIp7p4ldoVcVAOeY/SMaNW_XQXC7NHT5zJKSwQo1keeY""",0,J0cnJNIlJUw,54,27359
8,2,"""DuHzAJ-eQIiCIp7p4ldoVcVAOeY/oDysXpWDskOuRfqoAnmnbiZmyn0""",0,qD5IRc3BB-M,22,7301
1,1,"""DuHzAJ-eQIiCIp7p4ldoVcVAOeY/S5YHNr2xUlin6L2ck8QuEe29XVM""",0,lSk_xwID39o,95,59092
7,8,"""DuHzAJ-eQIiCIp7p4ldoVcVAOeY/w9KgGv6nwf2z0t4wZ8k2HC8hdRk""",0,aIH7_bS2C4c,82,83814
4,2,"""DuHzAJ-eQIiCIp7p4ldoVcVAOeY/xAzoTqwJNss5vJyKEiwydBn6H6w""",0,z5shjCWzXuE,52,35892
4,1,"""DuHzAJ-eQIiCIp7p4ldoVcVAOeY/RmY3VZp4msPBhm5Cvt2oV_oejQE""",0,39usF1HDSJc,62,43935
6,5,"""DuHzAJ-eQIiCIp7p4ldoVcVAOeY/e6Pm--4hGyzDvoqGKI2h8Tu_DUc""",0,13E_oknlQno,63,43893
0,0,"""DuHzAJ-eQIiCIp7p4ldoVcVAOeY/L40XrLhH7dPs6Hkpp4gAgsgfhcc""",0,fhyklXr6JQc,12,3355
1,3,"""DuHzAJ-eQIiCIp7p4ldoVcVAOeY/Vtclnefx6Z4mEFHhBbJchFANX8o""",0,ApufRnxtBag,12,4990
0,0,"""DuHzAJ-eQIiCIp7p4ldoVcVAOeY/Gve__3SoQ1wuj5OA_K3SHOX1HWQ""",0,Gz8wVnwCJUA,11,2859
3,3,"""DuHzAJ-eQIiCIp7p4ldoVcVAOeY/CmiEF5LyCbH2cRhAOhd2ph_Odoo""",0,KVfjyxA2fME,47,25326
1,1,"""DuHzAJ-eQIiCIp7p4ldoVcVAOeY/k6zwegK48AgU49YUz2MdDds74Mg""",0,tdTuDnMNyrA,22,6129
0,0,"""DuHzAJ-eQIiCIp7p4ldoVcVAOeY/x8XP3NfEI2SK-WhsveOc3bhIwH8""",0,dUCN7UTkukM,7,2933
0,0,"""DuHzAJ-eQIiCIp7p4ldoVcVAOeY/9xz694jz3EOHiECt1Pq8hobyjTA""",0,LzH1WqBwjW0,7,2802
14,26,"""DuHzAJ-eQIiCIp7p4ldoVcVAOeY/hKGDxlSeOO55hayJp6WQhORddkg""",0,IBFeDo9SsAA,196,145166
0,1,"""DuHzAJ-eQIiCIp7p4ldoVcVAOeY/g3GM4ZhzZ3ASPWMnz3QysNaEPQA""",0,swyg__B-QJg,4,3506
5,3,"""DuHzAJ-eQIiCIp7p4ldoVcVAOeY/2omYvChLVFP07ye_4BxyBmO3Cgo""",0,7yB1-pkEd50,36,12691
0,5,"""DuHzAJ-eQIiCIp7p4ldoVcVAOeY/95AFxT8-qAdC3jy1iwqlEq67meU""",0,_UUwS2ERDYE,19,6176
4,2,"""DuHzAJ-eQIiCIp7p4ldoVcVAOeY/g2epTVyV3bRR_u4RLyGO8J72Agc""",0,aFiBK0FdlEU,74,12121
0,0,"""DuHzAJ-eQIiCIp7p4ldoVcVAOeY/umYuhNYgbA4HIk2Co2OaQjuzh-k""",0,SGIeOSpqC1I,9,6705
0,1,"""DuHzAJ-eQIiCIp7p4ldoVcVAOeY/xr_QygKv-jZMrPXc17vthJ9_yeY""",0,HyjUeINRC4Q,7,3282
5,2,"""DuHzAJ-eQIiCIp7p4ldoVcVAOeY/MURY3FR5_fk_bgJa9xVzCntjvYU""",0,TETRCQiCzM4,12,4537
2,3,"""DuHzAJ-eQIiCIp7p4ldoVcVAOeY/-B56qUQRlgf-jHUBZNChuudRHTM""",0,FKImN-7z_Rk,13,4355
0,1,"""DuHzAJ-eQIiCIp7p4ldoVcVAOeY/zfW9ixMv2bRhXhn6ESFSWdCgHuo""",0,MjD_uu6RPKU,12,3591
2,3,"""DuHzAJ-eQIiCIp7p4ldoVcVAOeY/gzu8MO4PbdPsAx0Ut9ZFdEBiBo0""",0,lwGuQsJ1pa0,13,6037
0,1,"""DuHzAJ-eQIiCIp7p4ldoVcVAOeY/VArdozWsJDO6VcMxxzQrXoTVdBo""",0,-_tmeu4yKE0,9,3344
